Epitope,Result,Allele,Immunogenicity,Antigenicity,Allergenicity,Binding Affinity,Binding Score,norm immunogenicity,norm antigenicity,norm allergenicity
SLDLTTSPV,0,HLA-A*02:01,-0.07572,-0.1032,0.35,36.61,STRONG,0.393666172,0.429938423,0.485714286
ALAQKGVQL,0,HLA-A*02:01,-0.3148,0.0495,0.37,517.92,WEAK,0.215220296,0.474082854,0.428571429
LSYNSHYSR,0,HLA-A*11:01,-0.23814,0.4805,0.28,57.61,NORMAL,0.272438218,0.598681738,0.685714286
FQLNQSFEI,0,HLA-A*02:01,-0.12134,0.6431,0.32,7.28,STRONG,0.359616059,0.645688185,0.571428571
KLSHQLVLL,1,HLA-A*02:01,-0.11603,0.1926,0.34,24.02,STRONG,0.363579367,0.515451996,0.514285714
VMDSIDVKI,0,HLA-A*02:01,-0.09995,0.7624,0.26,90.1,NORMAL,0.375581248,0.680176925,0.742857143
AILPFTPEFL,0,HLA-A*02:01,0.2795,0.5987,0.43,116.05,NORMAL,0.658797274,0.632852476,0.257142857
GMDGAYLNGY,0,HLA-A*01:01,0.0797,0.3493,0.29,301.44,NORMAL,0.509669426,0.560752797,0.657142857
ELSFHPSGNY,0,HLA-A*26:01,-0.04611,0.3102,0.34,191.49,NORMAL,0.41576665,0.549449279,0.514285714
QLFNCQALQK,0,HLA-A*11:01,-0.17402,0.4819,0.38,28.84,STRONG,0.320296464,0.599086468,0.4
ETVSEQSNV,1,HLA-A*68:02,-0.30801,1.6224,0.33,12.25,STRONG,0.220288254,0.928796508,0.542857143
GTFFVLAYY,0,HLA-A*26:01,0.21642,-0.1083,0.32,599.2,WEAK,0.611715269,0.428464051,0.571428571
CTAGASSLLV,0,HLA-A*01:01,-0.24777,-0.1963,0.36,3667.86,WEAK,0.265250524,0.403023908,0.457142857
KPSDTPRPVM,1,HLA-B*07:02,0.0591,0.5037,0.3,14.39,STRONG,0.494293882,0.605388685,0.628571429
ILCETCLIV,1,HLA-A*02:01,0.1387,0.4692,0.31,53.2,NORMAL,0.553706178,0.595414992,0.6
LSFFTVMAY,0,HLA-A*01:01,0.10712,0.1894,0.21,240.19,NORMAL,0.53013532,0.5145269,0.885714286
LTSMAYDCY,0,HLA-A*01:01,-0.20856,0.6302,0.37,21.38,STRONG,0.294516305,0.641958891,0.428571429
LLFGMPPCL,1,HLA-A*02:01,-0.1502,1.0925,0.34,14.38,STRONG,0.33807537,0.775606372,0.514285714
KLVVVGADGV,1,HLA-A*02:01,0.20349,0.5857,0.47,280.47,NORMAL,0.602064503,0.629094273,0.142857143
KSSSIYSIVK,0,HLA-A*11:01,-0.11346,0.8913,0.29,27.15,STRONG,0.365497578,0.717440953,0.657142857
LLQCTQQAV,1,HLA-A*02:01,-0.23799,0.9142,0.4,73.19,NORMAL,0.272550176,0.724061172,0.342857143
ITNQMSIDK,0,HLA-A*11:01,-0.32011,0.033,0.19,48.8,STRONG,0.211256988,0.469312827,0.942857143
AMIAKISNEL,0,HLA-A*02:01,-0.10052,0.7346,0.22,191.33,NORMAL,0.375155808,0.672140152,0.857142857
EVSDGFTAVM,0,HLA-A*26:01,0.2093,0.5114,0.29,42.29,STRONG,0.606401003,0.607614697,0.657142857
KLPVGSQCLV,0,HLA-A*02:01,-0.25118,-0.245,0.44,220.18,NORMAL,0.262705349,0.388945101,0.228571429
FLLGKTSSVV,0,HLA-A*02:01,-0.41293,0.432,0.29,15.64,STRONG,0.141977474,0.58466075,0.657142857
DMKARQKALV,1,HLA-B*08:01,-0.26949,0.5567,0.32,243.91,NORMAL,0.249039029,0.620710589,0.571428571
FLSQRVAFL,0,HLA-A*02:01,0.02042,-0.3641,0.34,7.13,STRONG,0.465423686,0.35451418,0.514285714
ILTGLNYEV,1,HLA-A*02:01,0.08519,1.0101,0.29,5.34,STRONG,0.513767083,0.751785146,0.657142857
LVVLAPLLY,0,HLA-A*01:01,0.01406,-0.578,0.4,1032.09,WEAK,0.460676673,0.292677286,0.342857143
KTMCECMSFY,0,HLA-A*11:01,-0.30277,1.0032,0.3,24.71,STRONG,0.224199315,0.749790408,0.628571429
RPHHDQRSL,1,HLA-B*07:02,-0.09737,-0.2095,0.35,6.66,STRONG,0.377506923,0.399207886,0.485714286
SSDSQEENY,0,HLA-A*01:01,-0.0971,0.3477,0.32,34.47,STRONG,0.377708447,0.560290249,0.571428571
KPFCVLISL,1,HLA-B*07:02,0.02917,1.2331,0.33,57.02,NORMAL,0.47195456,0.816252783,0.542857143
STEDCLILL,0,HLA-A*01:01,0.09772,1.3391,0.33,2243.86,WEAK,0.523119295,0.846896592,0.542857143
FMPDFDLHL,1,HLA-A*02:01,0.16314,0.7518,0.33,6.98,STRONG,0.571947843,0.677112544,0.542857143
GLPFMCHAEV,0,HLA-A*02:01,0.01267,0.0462,0.33,57.5,NORMAL,0.459639197,0.473128849,0.542857143
VSDGFTAVM,0,HLA-A*01:01,0.24898,0.3939,0.28,296.83,NORMAL,0.636017585,0.573646324,0.685714286
ALVGAISSI,0,HLA-A*02:01,-0.0254,0.4332,0.28,38.61,STRONG,0.431224296,0.585007661,0.685714286
ESVTSCEAY,0,HLA-A*26:01,-0.05203,0.6749,0.37,358.68,NORMAL,0.411348047,0.654881328,0.428571429
VLENFTIFLV,1,HLA-A*02:01,0.39539,0.0678,0.26,31.48,STRONG,0.745295905,0.479373247,0.742857143
FTMVILYVVY,0,HLA-A*26:01,0.15882,-0.694,0.19,2532.33,WEAK,0.568723457,0.259142552,0.942857143
YLTSLACVEI,0,HLA-A*02:01,-0.08398,0.2729,0.34,31.31,STRONG,0.387501026,0.538666127,0.514285714
LTERANFQY,0,HLA-A*01:01,0.14771,0.4367,0.35,12.99,STRONG,0.560431112,0.586019485,0.485714286
GQFLTPNSH,1,HLA-B*15:01,-0.04792,0.3572,0.38,678.17,WEAK,0.414415692,0.563036628,0.4
AFGSAHLFR,1,HLA-A*31:01,-0.02788,-0.0423,0.36,24.31,STRONG,0.42937326,0.447544159,0.457142857
GSYECHVGIY,0,HLA-A*01:01,0.22377,1.149,0.42,555.6,WEAK,0.617201203,0.7919401,0.285714286
AVGSYVYSV,1,HLA-A*02:01,-0.21999,0.164,0.36,14.07,STRONG,0.285985117,0.50718395,0.457142857
FLQFRGNEV,0,HLA-A*02:01,0.21554,0.7578,0.33,50.7,NORMAL,0.611058449,0.678847099,0.542857143
LLQAYRLISV,0,HLA-A*02:01,0.05379,0.2784,0.33,16.44,STRONG,0.490330574,0.540256136,0.542857143
KLVVVGAVGV,0,HLA-A*01:01,0.21961,-0.8624,0.42,35550.39,,0.614096239,0.210459368,0.285714286
QTQSVVFLY,0,HLA-A*01:01,-0.03269,-0.2024,0.38,68.75,NORMAL,0.425783145,0.401260443,0.4
KANRNLARK,0,HLA-A*11:01,0.0965,0.148,0.34,126.47,NORMAL,0.522208704,0.502558469,0.514285714
KLLPTNTNI,0,HLA-A*02:01,0.04593,0.2813,0.3,35.58,STRONG,0.484463983,0.541094504,0.628571429
SLSTSLSSV,0,HLA-A*02:01,-0.42246,0.4719,0.32,16.4,STRONG,0.134864419,0.596195542,0.571428571
TLWCSPIKV,1,HLA-A*02:01,-0.16757,0.7779,0.35,7.8,STRONG,0.325110652,0.684657859,0.485714286
ELVGYGQKF,0,HLA-A*26:01,-0.14796,0.9149,0.36,282.64,NORMAL,0.339747274,0.724263537,0.457142857
HLSHQAHRY,0,HLA-A*01:01,-0.03958,0.947,0.33,930.79,WEAK,0.420640548,0.733543407,0.542857143
GVYPMPGTQK,1,HLA-A*03:01,-0.19718,0.2725,0.39,20.37,STRONG,0.303010173,0.53855049,0.371428571
SSSIYSIVK,0,HLA-A*11:01,0.05733,0.8081,0.3,13.64,STRONG,0.492972779,0.693388454,0.628571429
CVDSPPPLFF,0,HLA-A*01:01,-0.13227,1.5809,0.4,899.4,WEAK,0.351458064,0.916799167,0.342857143
TTATISGLV,0,HLA-A*26:01,0.04775,-0.1474,0.29,1248.1,WEAK,0.485822405,0.417160533,0.657142857
ELKHILYYAF,0,HLA-A*26:01,0.09761,0.7862,0.33,3990.76,WEAK,0.523037192,0.687057327,0.542857143
CSNFLLLAY,0,HLA-A*01:01,0.10796,1.0024,0.34,74.55,NORMAL,0.530762284,0.749559134,0.514285714
ETCTAGASSL,0,HLA-A*26:01,-0.10679,0.3868,0.41,5312.47,,0.37047597,0.571593767,0.314285714
SVVNPIIYFY,0,HLA-A*26:01,0.31625,0.7892,0.33,223.04,NORMAL,0.686226946,0.687924605,0.542857143
FGYEHWALY,0,HLA-A*26:01,0.3661,-0.0153,0.34,527.58,WEAK,0.72343427,0.455349657,0.514285714
FTNFWGLLI,0,HLA-A*01:01,0.34746,0.6063,0.26,514.33,WEAK,0.709521641,0.635049579,0.742857143
YTDFHCQYV,1,HLA-A*01:01,0.00583,0.5593,0.39,20.45,STRONG,0.454533919,0.62146223,0.371428571
STFFLAHGLK,0,HLA-A*11:01,0.23567,-0.0285,0.36,5.36,STRONG,0.626083192,0.451533636,0.457142857
MLNPLIYSFR,0,HLA-A*11:01,0.03084,0.9002,0.23,192.46,NORMAL,0.473201024,0.720013876,0.828571429
FVASRTRPDY,0,HLA-A*01:01,-0.01325,0.0266,0.32,3275.2,WEAK,0.440292882,0.467462635,0.571428571
ALIHHNTYL,1,HLA-A*02:01,0.13176,0.6854,0.26,17.83,STRONG,0.548526262,0.657916799,0.742857143
FQPSFSHLV,0,HLA-A*02:01,-0.19098,0.8577,0.45,24.26,STRONG,0.307637764,0.707727444,0.2
WSCLGHLGY,0,HLA-A*01:01,0.04523,0.0286,0.4,113.34,NORMAL,0.483941513,0.46804082,0.342857143
RTKVVQTLW,1,HLA-A*32:01,-0.07102,-0.2012,0.28,52.2,NORMAL,0.397174184,0.401607355,0.685714286
SLAPLSPRV,0,HLA-A*02:01,-0.14411,0.4947,0.36,8.09,STRONG,0.342620858,0.602786852,0.457142857
GMPPCLLAL,0,HLA-A*02:01,-0.0642,1.0784,0.36,86.69,NORMAL,0.402264534,0.771530167,0.457142857
FLSDHLYLV,1,HLA-A*02:01,-0.01992,0.6927,0.32,1.68,STRONG,0.43531449,0.660027175,0.571428571
YLIGVIGNF,0,HLA-A*26:01,0.2676,0.675,0.24,171.93,NORMAL,0.649915285,0.654910237,0.8
KLVVVGAVGV,1,HLA-A*02:01,0.21961,-0.8624,0.42,174.89,NORMAL,0.614096239,0.210459368,0.285714286
STEDCLILLF,0,HLA-A*01:01,0.10096,1.5662,0.31,127.62,NORMAL,0.525537584,0.912549507,0.6
MPYGYVLNEF,1,HLA-B*35:01,0.1121,0.4924,0.27,5.32,STRONG,0.53385232,0.602121939,0.714285714
ESDQPDLSSF,0,HLA-A*01:01,-0.34528,0.7062,0.42,2545.82,WEAK,0.192470462,0.663929924,0.285714286
YVKLANLSY,0,HLA-A*26:01,-0.15517,1.0537,0.33,443.18,NORMAL,0.334365833,0.764389581,0.542857143
SLADEAEVYL,1,HLA-A*02:01,0.29755,0.7589,0.38,23.34,STRONG,0.672269535,0.679165101,0.4
HLGVFSSYY,0,HLA-A*01:01,-0.13097,0.7791,0.3,711.31,WEAK,0.352428366,0.68500477,0.628571429
ASIRNANLY,0,HLA-A*01:01,0.11387,0.782,0.3,610.0,WEAK,0.535173423,0.685843138,0.628571429
ISISSEQTFY,0,HLA-A*01:01,-0.19475,0.4465,0.34,184.2,NORMAL,0.30482389,0.588852592,0.514285714
VVGAVGVGK,1,HLA-A*11:01,0.17711,-0.6111,0.44,38.76,STRONG,0.58237485,0.283108323,0.228571429
CLFLEIYTV,0,HLA-A*02:01,0.26918,0.8875,0.28,11.08,STRONG,0.651094575,0.716342401,0.685714286
HLEKLCHGLY,0,HLA-A*01:01,-0.19523,0.7517,0.38,266.55,NORMAL,0.304465625,0.677083634,0.4
EVSDGFTAV,0,HLA-A*26:01,0.16744,0.6031,0.36,117.71,NORMAL,0.575157301,0.634124483,0.457142857
RLLQCTQQAV,1,HLA-A*02:01,-0.3188,0.8658,0.41,59.89,NORMAL,0.212234753,0.710069093,0.314285714
LLLDDLLVSI,1,HLA-A*02:01,-0.04274,0.0002,0.32,8.3,STRONG,0.41828197,0.459830592,0.571428571
YVVTISSLL,0,HLA-A*26:01,-0.11977,-0.0156,0.28,433.38,NORMAL,0.360787885,0.45526293,0.685714286
VESEDIAEL,1,HLA-B*40:01,0.28545,0.9351,0.34,19.78,STRONG,0.663238269,0.730103206,0.514285714
FLQKYTVKL,0,HLA-A*02:01,-0.31282,-0.3136,0.35,8.3,STRONG,0.216698139,0.369113353,0.485714286
LTDTSLTALS,0,HLA-A*01:01,-0.06256,0.0007,0.33,1572.13,WEAK,0.403488606,0.459975138,0.542857143
FLFINTSSY,0,HLA-A*26:01,-0.03412,0.5664,0.26,454.5,NORMAL,0.424715814,0.623514787,0.742857143
SYLDSGIHF,1,HLA-A*24:02,0.02074,0.8118,0.34,44.06,STRONG,0.465662529,0.694458096,0.514285714
SLDLPLNPL,0,HLA-A*02:01,-0.03714,0.4262,0.37,154.98,NORMAL,0.422461729,0.582984013,0.428571429
HMSSYIASF,0,HLA-A*26:01,-0.16213,0.8923,0.25,1185.41,WEAK,0.329170989,0.717730045,0.771428571
HINTVMEVK,0,HLA-A*11:01,0.02048,1.3532,0.22,96.22,NORMAL,0.465468469,0.850972796,0.857142857
LTDDRLFTCY,1,HLA-A*01:01,0.18058,-0.475,0.27,6.44,STRONG,0.584964808,0.322453817,0.714285714
TLLGDPGWRV,0,HLA-A*02:01,0.29038,0.243,0.27,27.11,STRONG,0.66691795,0.53002226,0.714285714
ALYGFVPVL,1,HLA-A*02:01,0.20052,-0.0581,0.3,8.06,STRONG,0.599847737,0.442976497,0.628571429
SLFGLSFVR,0,HLA-A*11:01,0.02849,-0.6555,0.32,49.75,STRONG,0.471447018,0.270272614,0.571428571
YTFLIFSDY,0,HLA-A*26:01,0.13998,0.5635,0.29,130.48,NORMAL,0.554661551,0.622676419,0.657142857
SLSSSGAPSL,0,HLA-A*02:01,-0.41746,0.4812,0.34,528.34,WEAK,0.138596347,0.598884103,0.514285714
DLIEIFRFGY,0,HLA-A*26:01,0.55487,1.3388,0.28,115.51,NORMAL,0.864329484,0.846809864,0.685714286
FAHFHSGEM,0,HLA-A*26:01,0.09117,0.4217,0.3,1026.02,WEAK,0.518230469,0.581683097,0.628571429
CTDTYMLEL,0,HLA-A*01:01,-0.0735,-0.0495,0.32,95.53,NORMAL,0.395323148,0.445462693,0.571428571
MSSYIASFTY,0,HLA-A*01:01,0.07603,0.4481,0.24,29.03,STRONG,0.506930191,0.58931514,0.8
SVLENFTIFL,1,HLA-A*02:01,0.42211,0.6005,0.27,55.06,NORMAL,0.765239329,0.633372843,0.714285714
SISSEQTFY,0,HLA-A*01:01,-0.13055,0.378,0.34,661.79,WEAK,0.352741848,0.569049753,0.514285714
FSQESPLDTF,0,HLA-A*01:01,-0.07779,0.5466,0.38,3200.27,WEAK,0.392121153,0.617790755,0.4
FGYEHWALY,0,HLA-A*01:01,0.3661,-0.0153,0.34,1121.47,WEAK,0.72343427,0.455349657,0.514285714
YMAELFSFI,0,HLA-A*26:01,0.14163,1.0893,0.21,2714.58,WEAK,0.555893088,0.774681275,0.885714286
SSYYEPWGY,0,HLA-A*01:01,0.28888,0.5659,0.44,274.46,NORMAL,0.665798371,0.623370241,0.228571429
STGLKMAMEK,0,HLA-A*11:01,-0.43403,0.552,0.34,12.5,STRONG,0.126228737,0.619351855,0.514285714
KLYGLDWAEL,1,HLA-A*02:01,0.34373,0.8869,0.38,10.12,STRONG,0.706737623,0.716168946,0.4
YSSALDLCY,0,HLA-A*01:01,-0.04511,0.6114,0.4,7.13,STRONG,0.416513036,0.636523951,0.342857143
CILGKLFTKK,1,HLA-A*11:01,-0.17334,0.0096,0.32,104.68,NORMAL,0.320804007,0.462548062,0.571428571
KTLKINEVK,0,HLA-A*11:01,0.01153,1.4967,0.25,65.61,NORMAL,0.458788318,0.892457576,0.771428571
HSEYSSFFY,0,HLA-A*01:01,-0.12085,0.7634,0.36,6.52,STRONG,0.359981788,0.680466017,0.457142857
ALDPHSGHFV,1,HLA-A*02:01,-0.00596,0.3981,0.4,28.71,STRONG,0.445734033,0.574860513,0.342857143
RMLDKNPEV,0,HLA-A*02:01,-0.14823,1.3018,0.22,6.29,STRONG,0.33954575,0.83611344,0.857142857
ASLDGASLEK,0,HLA-A*11:01,-0.01677,0.4783,0.47,18.41,STRONG,0.437665604,0.598045734,0.142857143
RLAVCHFPCL,0,HLA-A*02:01,0.10258,1.2758,0.36,121.02,NORMAL,0.526746729,0.828597034,0.457142857
EINPSLHTPM,0,HLA-A*26:01,-0.12843,0.7781,0.26,384.59,NORMAL,0.354324185,0.684715677,0.742857143
RSNPYFVASR,0,HLA-A*11:01,0.07236,0.3783,0.36,97.65,NORMAL,0.504190955,0.569136481,0.457142857
SSYTGFANK,1,HLA-A*11:01,0.2103,0.5552,0.32,4.55,STRONG,0.607147389,0.620276951,0.571428571
EMLFSHGLVK,1,HLA-A*03:01,0.03126,-0.1829,0.28,21.75,STRONG,0.473514506,0.406897748,0.685714286
LSSVSFFLV,1,HLA-A*11:01,0.02926,-0.3079,0.3,6692.4,,0.472021735,0.370761181,0.628571429
ESDKEELVGY,0,HLA-A*01:01,0.0294,0.8549,0.37,36.89,STRONG,0.472126229,0.706917984,0.428571429
HMIVISIAY,0,HLA-A*26:01,0.19379,-0.2029,0.26,3113.42,WEAK,0.594824562,0.401115897,0.742857143
SCDSLCGGY,0,HLA-A*01:01,-0.17242,0.2806,0.4,612.78,WEAK,0.321490681,0.54089214,0.342857143
QTACCACRK,0,HLA-A*11:01,-0.07248,0.0771,0.38,73.54,NORMAL,0.396084461,0.482061808,0.4
ELVGYGQKFF,0,HLA-A*26:01,-0.14574,0.2189,0.38,1142.09,WEAK,0.34140425,0.52305513,0.4
WADWGHRTY,0,HLA-A*01:01,0.3599,-0.0987,0.31,111.63,NORMAL,0.718806679,0.43123934,0.6
NLNCCSVPV,1,HLA-A*02:01,-0.23622,0.2766,0.48,22.66,STRONG,0.273871278,0.539735769,0.114285714
LLADQNFKFI,0,HLA-A*02:01,-0.08748,1.0458,0.33,20.75,STRONG,0.384888677,0.76210575,0.542857143
FLLDEAIGL,1,HLA-A*02:01,0.28517,-0.0426,0.38,3.51,STRONG,0.663029281,0.447457431,0.4
VTLGIFFFFY,0,HLA-A*01:01,0.5515,-0.6872,0.29,1151.67,WEAK,0.861814165,0.261108381,0.657142857
AICKPLHYV,0,HLA-A*02:01,-0.2306,1.3468,0.39,138.05,NORMAL,0.278065966,0.849122604,0.371428571
TEDEHFEFY,1,HLA-B*44:03,0.40255,1.0961,0.41,319.72,NORMAL,0.750640026,0.776647105,0.314285714
FSDKKVGTY,0,HLA-A*01:01,-0.32966,-0.1829,0.37,11.72,STRONG,0.204129005,0.406897748,0.428571429
EVYFGPCSLY,0,HLA-A*26:01,-0.05805,0.0749,0.36,25.48,STRONG,0.406854806,0.481425804,0.457142857
ITDVDELPIF,0,HLA-A*01:01,0.2258,1.1217,0.37,882.39,WEAK,0.618716366,0.784047874,0.428571429
TQFWCAVAL,0,HLA-A*02:01,0.30292,0.4293,0.36,121.93,NORMAL,0.676277626,0.5838802,0.457142857
SIPGIMGALY,0,HLA-A*26:01,0.04754,0.0926,0.3,31.86,STRONG,0.485665664,0.486542742,0.628571429
ESVINQGPM,0,HLA-A*26:01,0.0541,0.4854,0.37,695.76,WEAK,0.490561954,0.600098291,0.428571429
HMTEVVRHC,1,HLA-A*02:01,0.25499,1.4247,0.28,4543.17,WEAK,0.640503362,0.871642913,0.685714286
MTFLGGNLVK,0,HLA-A*11:01,0.10151,-0.4143,0.3,13.08,STRONG,0.525948096,0.340001735,0.628571429
LPNEYAFVTT,1,HLA-B*35:01,0.30087,0.7338,0.38,2023.38,WEAK,0.674747535,0.671908878,0.4
KAERSYYIFY,0,HLA-A*01:01,0.09712,0.4906,0.29,955.91,WEAK,0.522671463,0.601601573,0.657142857
KINEVKTRK,0,HLA-A*11:01,-0.00115,1.495,0.25,79.18,NORMAL,0.449324148,0.891966118,0.771428571
RVRDFIQMK,0,HLA-A*11:01,0.07804,0.6691,0.26,39.34,STRONG,0.508430426,0.653204591,0.742857143
FVDENVDRM,0,HLA-A*01:01,0.18947,0.1785,0.27,887.97,WEAK,0.591600176,0.511375791,0.714285714
TLDWLLQTPK,1,HLA-A*03:01,0.12573,0.77,0.4,94.98,NORMAL,0.544025556,0.682374028,0.342857143
FTMVILYVVY,0,HLA-A*01:01,0.15882,-0.694,0.19,1631.8,WEAK,0.568723457,0.259142552,0.942857143
MLSILALVRV,0,HLA-A*02:01,0.16216,-0.388,0.25,43.54,STRONG,0.571216385,0.347604868,0.771428571
KILDAVVAQK,1,HLA-A*03:01,0.10122,0.1993,0.41,30.08,STRONG,0.525731645,0.517388916,0.314285714
CMQANSHYA,0,HLA-A*02:01,-0.13512,0.2031,0.33,203.32,NORMAL,0.349330865,0.518487468,0.542857143
HLFCVFYGL,0,HLA-A*02:01,0.15083,1.7514,0.33,11.74,STRONG,0.562759835,0.966089445,0.542857143
KLYFDEKYSI,0,HLA-A*02:01,-0.06708,0.1817,0.3,40.04,STRONG,0.400114943,0.512300888,0.628571429
FLDEFMEGV,1,HLA-A*02:01,0.16095,1.0028,0.31,2.95,STRONG,0.570313258,0.749674771,0.6
PSDTRQMLFY,1,HLA-A*01:01,-0.1224,0.2477,0.3,11.19,STRONG,0.35882489,0.531380995,0.628571429
RIHTSAKPYK,0,HLA-A*11:01,-0.28796,0.7846,0.32,41.49,STRONG,0.235253286,0.686594779,0.571428571
AIPAMVVPNV,0,HLA-A*02:01,-0.06931,0.0458,0.37,237.57,NORMAL,0.398450503,0.473013212,0.428571429
KLVVVGAVGV,0,HLA-B*57:01,0.21961,-0.8624,0.42,22633.5,,0.614096239,0.210459368,0.285714286
FVFKLYYFEI,0,HLA-A*02:01,-0.03958,1.0363,0.29,88.74,NORMAL,0.420640548,0.759359371,0.657142857
CVRVSGQGL,1,HLA-B*07:02,-0.14882,0.6656,0.42,412.72,NORMAL,0.339105382,0.652192767,0.285714286
WLSFFTVMAY,0,HLA-A*01:01,0.12942,0.5701,0.21,447.28,NORMAL,0.546779719,0.624584429,0.885714286
SLSPIEMKK,0,HLA-A*11:01,-0.11521,-0.0399,0.24,17.93,STRONG,0.364191403,0.448237981,0.8
ITDVDELPI,0,HLA-A*01:01,0.14875,0.6841,0.36,926.67,WEAK,0.561207353,0.657540979,0.457142857
ETLSPTPSY,0,HLA-A*26:01,-0.25035,0.649,0.36,59.36,NORMAL,0.263324849,0.647393831,0.457142857
KLKFVTLVF,1,HLA-A*24:02,0.1393,-0.0494,0.36,1002.21,WEAK,0.554154009,0.445491602,0.457142857
VVNPIIYFY,0,HLA-A*01:01,0.3069,0.5991,0.34,587.86,WEAK,0.67924824,0.632968113,0.514285714
YMFSDCSTSL,0,HLA-A*02:01,-0.379,0.3712,0.27,5.67,STRONG,0.167302338,0.567083924,0.714285714
FLEIYTVTVV,0,HLA-A*02:01,0.29636,-0.2989,0.31,28.5,STRONG,0.671381336,0.373363014,0.6
ALEVLQSIPY,0,HLA-A*01:01,-0.09945,0.6703,0.41,1272.01,WEAK,0.375954441,0.653551502,0.314285714
ACDPHSGHFV,1,HLA-A*02:01,-0.00596,0.2046,0.39,10969.07,,0.445734033,0.518921107,0.371428571
GLFRPYGSTV,0,HLA-A*02:01,-0.00936,0.6937,0.38,60.76,NORMAL,0.443196322,0.660316267,0.4
YTAPYPHPA,0,HLA-A*02:01,0.00832,0.7041,0.5,60.83,NORMAL,0.45639242,0.66332283,0.057142857
KLFEFLVYGV,1,HLA-A*02:01,0.29749,0.4026,0.33,2.72,STRONG,0.672224752,0.576161429,0.542857143
KINKNPKYKK,1,HLA-A*03:01,-0.56832,0.7352,0.27,113.42,NORMAL,0.025996611,0.672313608,0.714285714
KLKFVTLVF,1,HLA-B*15:01,0.1393,-0.0494,0.36,12.09,STRONG,0.554154009,0.445491602,0.457142857
YVDVTYNFI,0,HLA-A*01:01,0.146,0.5719,0.32,658.06,WEAK,0.559154793,0.625104796,0.571428571
SLSSVTLLL,0,HLA-A*02:01,-0.15927,-0.7498,0.32,18.93,STRONG,0.331305652,0.243011188,0.571428571
HLMDGDLGL,0,HLA-A*02:01,0.02964,-0.397,0.3,8.68,STRONG,0.472305361,0.345003035,0.628571429
TFFLAHGLK,0,HLA-A*11:01,0.11751,0.0402,0.4,370.9,NORMAL,0.537890266,0.471394293,0.342857143
KTMCECMSFY,0,HLA-A*01:01,-0.30277,1.0032,0.3,150.41,NORMAL,0.224199315,0.749790408,0.628571429
MMPFSIVYI,0,HLA-A*02:01,0.11106,0.1404,0.26,8.13,STRONG,0.533076079,0.500361366,0.742857143
WMSDSGTRL,0,HLA-A*02:01,-0.09758,0.5985,0.26,176.33,NORMAL,0.377350182,0.632794658,0.742857143
LMMPFSIVYI,0,HLA-A*02:01,0.0427,0.1674,0.2,4.31,STRONG,0.482053158,0.508166864,0.914285714
ELLVRINRL,1,HLA-B*08:01,0.2384,1.3071,0.29,71.02,NORMAL,0.628120825,0.83764563,0.657142857
FSDYYDLSY,0,HLA-A*01:01,-0.08526,0.8572,0.31,2.35,STRONG,0.386545653,0.707582897,0.6
YTFLIFSDY,0,HLA-A*01:01,0.13998,0.5635,0.29,255.93,NORMAL,0.554661551,0.622676419,0.657142857
MSFSHLFYL,0,HLA-A*02:01,-0.01077,1.0318,0.24,12.56,STRONG,0.442143918,0.758058455,0.8
ELDEETNLKF,0,HLA-A*01:01,0.1018,1.1438,0.36,4605.93,WEAK,0.526164548,0.790436819,0.457142857
SVVNPIIYF,0,HLA-A*26:01,0.23153,0.6531,0.32,277.95,NORMAL,0.622993156,0.64857911,0.571428571
ILDVCSSGL,0,HLA-A*02:01,-0.27931,0.3453,0.37,54.1,NORMAL,0.241709522,0.559596427,0.428571429
MLFSHGLVK,1,HLA-A*03:01,-0.05031,-0.0949,0.24,5.09,STRONG,0.41263183,0.432337891,0.8
VVGADGVGK,1,HLA-A*11:01,0.15851,0.6593,0.45,172.2,NORMAL,0.568492077,0.650371484,0.2
GSLDVLMAV,0,HLA-A*02:01,-0.07686,0.4499,0.25,40.29,STRONG,0.392815292,0.589835506,0.771428571
VVGACGVGK,0,HLA-B*40:01,0.08441,0.3168,0.51,43899.56,,0.513184902,0.551357289,0.028571429
LTDTSLTAL,0,HLA-A*01:01,-0.06966,-0.1278,0.34,889.61,WEAK,0.398189268,0.422826747,0.514285714
MMPFSIVYIV,0,HLA-A*02:01,0.1962,0.1317,0.28,12.8,STRONG,0.596623351,0.497846261,0.685714286
CVDSPPPLF,0,HLA-A*01:01,-0.19635,1.4021,0.39,782.33,WEAK,0.303629673,0.865109422,0.371428571
TTTATISGL,0,HLA-A*26:01,0.09523,0.1898,0.31,1904.73,WEAK,0.521260795,0.514642537,0.6
GLLDEDFYA,1,HLA-A*02:01,0.23374,0.4791,0.38,8.7,STRONG,0.624642668,0.598277008,0.4
VTEKLQPTY,1,HLA-A*01:01,-0.29102,0.4108,0.4,83.41,NORMAL,0.232969346,0.578531988,0.342857143
YTIEEFMEL,0,HLA-A*26:01,0.26195,0.9621,0.23,86.26,NORMAL,0.645698206,0.737908705,0.828571429
DANSFLQSV,1,HLA-B*51:01,-0.25943,0.8756,0.34,357.22,NORMAL,0.256547668,0.7129022,0.514285714
NTASSSLAF,0,HLA-A*26:01,-0.4571,0.0708,0.34,214.17,NORMAL,0.109009621,0.480240525,0.514285714
ALGTLLHTNV,0,HLA-A*02:01,0.08789,-0.0105,0.35,67.9,NORMAL,0.515782324,0.456737302,0.485714286
VMKFKNPLV,0,HLA-A*02:01,-0.18413,0.8003,0.25,1487.2,WEAK,0.312750506,0.691133532,0.771428571
LVANFSQIK,0,HLA-A*11:01,-0.05554,1.0914,0.3,28.02,STRONG,0.408728234,0.77528837,0.628571429
YVDVTYNFII,0,HLA-A*01:01,0.25341,0.5162,0.31,1658.52,WEAK,0.639324073,0.609002342,0.6
YSSEENLIF,0,HLA-A*01:01,0.20686,0.4852,0.27,931.29,WEAK,0.604579822,0.600040473,0.714285714
AEPINIQTW,1,HLA-B*44:03,0.17422,0.5791,0.38,83.57,NORMAL,0.580217795,0.627186262,0.4
GTAWLEWWHV,0,HLA-A*02:01,0.73664,0.5494,0.33,535.57,WEAK,1.0,0.618600214,0.542857143
CILGKLFTK,1,HLA-A*11:01,-0.06846,0.0566,0.33,21.55,STRONG,0.399084931,0.476135411,0.542857143
MLFLRFCYI,0,HLA-A*02:01,0.13978,1.0467,0.25,11.58,STRONG,0.554512274,0.762365933,0.771428571
RTMMFFAEH,0,HLA-A*11:01,0.08202,-0.2903,0.3,64.68,NORMAL,0.51140104,0.375849209,0.628571429
MSHNTEMNNY,0,HLA-A*01:01,-0.03525,0.4113,0.24,454.8,NORMAL,0.423872398,0.578676534,0.8
MIFFSIDRY,0,HLA-A*26:01,0.16894,0.2718,0.24,238.91,NORMAL,0.576276879,0.538348125,0.8
ISVMYQGNTY,0,HLA-A*01:01,-0.23058,0.6414,0.3,1231.95,WEAK,0.278080893,0.645196727,0.628571429
TITSSAELLK,0,HLA-A*11:01,-0.19846,0.802,0.32,26.75,STRONG,0.3020548,0.691624989,0.571428571
SLLSLLYAL,0,HLA-A*02:01,-0.17157,0.417,0.33,4.25,STRONG,0.322125109,0.580324362,0.542857143
KLYEEPLLK,1,HLA-A*03:01,0.17077,0.1849,0.37,5.95,STRONG,0.577642765,0.513225984,0.428571429
ETADTKVHF,0,HLA-A*26:01,-0.07644,0.7864,0.52,115.05,NORMAL,0.393128774,0.687115146,0.0
VLMMPFSIV,0,HLA-A*02:01,-0.19616,0.0973,0.23,38.3,STRONG,0.303771487,0.487901477,0.828571429
GLFGDIYLA,1,HLA-A*02:01,0.20938,-0.213,0.32,4.79,STRONG,0.606460714,0.398196063,0.571428571
FSFSLDFLV,0,HLA-A*02:01,-0.02607,0.5409,0.32,12.37,STRONG,0.430724218,0.616142927,0.571428571
TMCECMSFY,0,HLA-A*01:01,-0.20577,1.3165,0.3,447.96,NORMAL,0.296598721,0.8403631,0.628571429
LMDDSLMQIF,0,HLA-A*01:01,-0.32768,0.6755,0.27,1897.16,WEAK,0.205606849,0.655054783,0.714285714
AQFKGAWIL,0,HLA-A*02:01,0.15553,-0.5864,0.31,50.38,NORMAL,0.566267848,0.290248909,0.6
AEHSLQVAY,1,HLA-B*44:03,-0.21811,0.662,0.36,15.93,STRONG,0.287388322,0.651152034,0.457142857
EIKKDGVGF,0,HLA-A*26:01,-0.17886,0.1752,0.42,363.14,NORMAL,0.316683958,0.510421786,0.285714286
SSFLVPSLPY,0,HLA-A*01:01,-0.11533,0.0652,0.37,299.2,NORMAL,0.364101837,0.478621607,0.428571429
EIPLIGLIPF,0,HLA-A*26:01,0.24324,-0.3164,0.33,1190.84,WEAK,0.631733331,0.368303894,0.542857143
FLMASISSF,0,HLA-A*02:01,-0.28973,0.2852,0.18,43.33,STRONG,0.233932183,0.542221965,0.971428571
MSFYLREQGK,0,HLA-A*11:01,0.09017,0.7269,0.29,54.18,NORMAL,0.517484083,0.66991414,0.657142857
YLDELIRNT,0,HLA-A*02:01,0.26233,0.8624,0.27,71.23,NORMAL,0.645981833,0.709086178,0.714285714
LLDLMAYDRY,0,HLA-A*01:01,-0.09138,0.1987,0.28,45.93,STRONG,0.381977773,0.517215461,0.685714286
LLGDPGWRV,0,HLA-A*02:01,0.2716,0.2984,0.27,20.57,STRONG,0.652900828,0.546037987,0.714285714
KAIANRIKFK,0,HLA-A*11:01,0.13835,0.6647,0.28,61.53,NORMAL,0.553444943,0.651932584,0.685714286
EVLVEYSFF,0,HLA-A*26:01,0.06074,-0.1661,0.33,401.03,NORMAL,0.495517954,0.411754503,0.542857143
ALSPVIPHI,1,HLA-A*02:01,0.11016,0.6391,0.36,11.47,STRONG,0.532404332,0.644531815,0.457142857
ELPIFQQPFY,0,HLA-A*26:01,0.08152,0.4566,0.48,440.29,NORMAL,0.511027848,0.591772426,0.114285714
ISANSPYISY,0,HLA-A*01:01,-0.15353,0.607,0.33,427.35,NORMAL,0.335589906,0.635251944,0.542857143
SVKSCKHTEK,1,HLA-A*30:01,-0.37726,1.0883,0.33,68.43,NORMAL,0.168601049,0.774392183,0.542857143
MQANSHYARV,0,HLA-A*02:01,-0.06363,0.6887,0.31,529.8,WEAK,0.402689974,0.658870805,0.6
RMQYSMECF,1,HLA-B*15:01,-0.31472,-0.0249,0.41,20.92,STRONG,0.215280007,0.452574369,0.314285714
VVGAAGVGK,1,HLA-A*11:01,0.17501,-0.084,0.45,59.83,NORMAL,0.58080744,0.435489,0.2
KSGTFFVLAY,0,HLA-A*01:01,0.33042,-0.052,0.39,962.42,WEAK,0.69680323,0.444739961,0.371428571
LVEQALRFY,0,HLA-A*01:01,0.05568,0.4071,0.34,825.06,WEAK,0.491741243,0.577462346,0.514285714
SLFEGIDIYT,1,HLA-A*02:01,0.43239,0.6863,0.35,19.61,STRONG,0.772912173,0.658176982,0.485714286
ETWRETGIFF,0,HLA-A*26:01,0.4719,-0.138,0.33,437.05,NORMAL,0.802401869,0.419878003,0.542857143
GLNETIAKL,0,HLA-A*02:01,0.16875,0.9092,0.31,35.16,STRONG,0.576135066,0.722615709,0.6
YTDFHCQYVK,1,HLA-A*01:01,0.01596,0.6691,0.36,247.63,NORMAL,0.462094806,0.653204591,0.457142857
FLEIYTVTV,0,HLA-A*02:01,0.25688,-0.1485,0.28,8.12,STRONG,0.641914031,0.416842531,0.685714286
FLLGKTSSV,0,HLA-A*02:01,-0.37924,0.6695,0.29,3.51,STRONG,0.167123206,0.653320228,0.657142857
SSYIASFTY,0,HLA-A*01:01,0.13657,0.5216,0.3,427.23,NORMAL,0.552116376,0.610563441,0.628571429
LGDIYNEKRY,0,HLA-A*01:01,0.07371,0.4592,0.28,1785.55,WEAK,0.505198576,0.592524067,0.685714286
SIYSIVKIK,0,HLA-A*11:01,-0.10345,0.7435,0.29,32.09,STRONG,0.372968898,0.674713076,0.657142857
MVILYVVYY,0,HLA-A*26:01,0.09998,-0.3679,0.17,327.72,NORMAL,0.524806126,0.353415628,1.0
AGQHIAKSLF,1,HLA-B*44:02,-0.18645,-0.0716,0.4,8524.61,,0.311018891,0.439073748,0.342857143
FTGTISVMY,0,HLA-A*26:01,-0.04383,-0.2434,0.29,804.35,WEAK,0.417468409,0.389407649,0.657142857
AIANRIKFK,0,HLA-A*11:01,0.06827,0.7459,0.28,30.99,STRONG,0.501138238,0.675406898,0.685714286
FAFQEYDSF,1,HLA-B*35:01,-0.06248,0.3999,0.4,7.88,STRONG,0.403548317,0.575380879,0.342857143
SSDFTVLQEI,0,HLA-A*01:01,0.1533,0.6656,0.32,1778.47,WEAK,0.564603408,0.652192767,0.571428571
KIFSEVTLK,1,HLA-A*03:01,0.03417,-0.0734,0.3,9.04,STRONG,0.475686488,0.438553381,0.628571429
QSARLYIVAY,0,HLA-A*01:01,0.23336,0.5185,0.32,985.04,WEAK,0.624359041,0.609667254,0.571428571
VIIGITIDSV,0,HLA-A*02:01,0.29204,-0.5486,0.41,110.55,NORMAL,0.66815695,0.301176607,0.314285714
SVMYQGNTY,0,HLA-A*26:01,-0.1244,0.7527,0.29,203.13,NORMAL,0.357332119,0.677372727,0.657142857
GLDGYREYSL,0,HLA-A*02:01,0.08257,0.4881,0.32,184.75,NORMAL,0.511811553,0.600878841,0.571428571
VSDMSLSLSS,0,HLA-A*01:01,-0.60315,0.4731,0.27,3805.92,WEAK,0.0,0.596542453,0.714285714
CTDTYMLELF,0,HLA-A*01:01,-0.06076,0.0222,0.3,93.4,NORMAL,0.404832101,0.466190628,0.628571429
ATALLEYLEY,0,HLA-A*01:01,0.1339,0.4428,0.41,123.65,NORMAL,0.550123527,0.587782949,0.314285714
NTLEQTVPY,0,HLA-A*01:01,0.04925,0.6711,0.39,533.71,WEAK,0.486941983,0.653782776,0.371428571
FLIYLDVSV,1,HLA-A*02:01,-0.01226,0.204,0.27,3.53,STRONG,0.441031803,0.518747651,0.714285714
VINLLSCLPY,0,HLA-A*01:01,-0.25175,1.0003,0.42,1773.34,WEAK,0.26227991,0.74895204,0.285714286
HSCVMASLR,1,HLA-A*68:01,-0.25623,1.2265,0.31,16.94,STRONG,0.258936102,0.814344772,0.6
SASIRNANLY,0,HLA-A*01:01,0.14921,0.6916,0.3,878.09,WEAK,0.561550691,0.659709173,0.628571429
VTFAVSFYVV,0,HLA-A*02:01,0.08767,-0.4298,0.35,67.43,NORMAL,0.515618119,0.3355208,0.485714286
EVMKKLPLF,0,HLA-A*26:01,-0.51028,0.3184,0.33,23.08,STRONG,0.069316833,0.551819838,0.542857143
RVSTLRVSL,1,HLA-B*07:02,-0.03854,0.1995,0.33,34.22,STRONG,0.421416789,0.517446735,0.542857143
TLAYSFQSL,0,HLA-A*02:01,-0.23634,0.2101,0.32,147.41,NORMAL,0.273781712,0.520511116,0.571428571
SPMIVGSPW,1,HLA-B*07:02,0.00292,0.1552,0.34,32.05,STRONG,0.452361937,0.504639935,0.514285714
VSDMSLSLS,0,HLA-A*01:01,-0.48714,0.4121,0.28,1632.95,WEAK,0.086588197,0.578907808,0.685714286
MLAVFKLYPT,0,HLA-A*02:01,-0.0618,-0.002,0.33,147.69,NORMAL,0.40405586,0.459194588,0.542857143
HTAKDSFECK,0,HLA-A*11:01,-0.1806,0.0951,0.44,109.8,NORMAL,0.315385247,0.487265474,0.228571429
KVDPIGHVY,1,HLA-A*01:01,0.20896,1.8687,0.39,116.49,NORMAL,0.606147232,1.0,0.371428571
TESPFEQHI,1,HLA-B*44:02,0.06453,0.0838,0.4,310.74,NORMAL,0.498346756,0.483998728,0.342857143
SLFKGLHHKA,0,HLA-A*02:01,-0.22505,1.4496,0.35,76.3,NORMAL,0.282208406,0.878841317,0.485714286
DMIFFSIDRY,0,HLA-A*26:01,0.28814,0.4015,0.25,550.53,WEAK,0.665246046,0.575843427,0.771428571
GLFGDIYLAI,1,HLA-A*02:01,0.23332,0.1429,0.31,11.62,STRONG,0.624329186,0.501084097,0.6
SSEMAENEDY,0,HLA-A*01:01,0.08277,0.6034,0.26,112.61,NORMAL,0.51196083,0.634211211,0.742857143
HTIPQAYWTK,0,HLA-A*11:01,0.16348,0.2874,0.35,17.47,STRONG,0.572201614,0.542857969,0.485714286
SSIYSIVKIK,0,HLA-A*11:01,-0.0574,0.903,0.29,19.79,STRONG,0.407339956,0.720823336,0.657142857
FILDAVQRV,0,HLA-A*02:01,0.02816,0.9045,0.33,6.42,STRONG,0.471200711,0.721256974,0.542857143
VVGACGVGK,1,HLA-A*11:01,0.08441,0.3168,0.51,72.99,NORMAL,0.513184902,0.551357289,0.028571429
MVSSNENCRK,0,HLA-A*11:01,-0.15032,0.8708,0.29,219.26,NORMAL,0.337985804,0.711514556,0.657142857
KVDIFFLGL,0,HLA-A*02:01,0.37576,-0.3913,0.3,433.68,NORMAL,0.730644355,0.346650863,0.628571429
KTLTSVFQK,1,HLA-A*11:01,-0.05566,0.0619,0.36,5.91,STRONG,0.408638667,0.477667601,0.457142857
ETWRETGIF,0,HLA-A*26:01,0.36438,0.0189,0.32,233.33,NORMAL,0.722150486,0.465236622,0.571428571
FSDKKVGTYV,0,HLA-A*01:01,-0.3171,-0.4773,0.38,479.75,NORMAL,0.213503609,0.321788905,0.4
FSLRACYHMK,0,HLA-A*11:01,-0.0447,0.6337,0.27,73.07,NORMAL,0.416819054,0.642970715,0.714285714
VLLGVKLFGV,1,HLA-A*02:01,-0.03114,-1.5904,0.32,7.46,STRONG,0.426940043,0.0,0.571428571
KLVVVGAVGV,0,HLA-B*40:01,0.21961,-0.8624,0.42,33059.79,,0.614096239,0.210459368,0.285714286
DVFKVIAYLK,0,HLA-A*11:01,0.01803,0.9245,0.35,430.94,NORMAL,0.463639824,0.727038825,0.485714286
IPIDGIFFTY,1,HLA-B*35:01,0.4598,-0.1208,0.42,7.96,STRONG,0.793370603,0.424850395,0.285714286
ILNAMIAKI,1,HLA-A*02:01,-0.10143,-0.1447,0.24,42.38,STRONG,0.374476597,0.417941083,0.8
HLMDGDLGLI,0,HLA-A*02:01,0.0316,-0.2848,0.27,39.68,STRONG,0.473768277,0.377439218,0.714285714
TMSFSHLFYL,0,HLA-A*02:01,0.0207,0.954,0.25,5.83,STRONG,0.465632674,0.735567055,0.771428571
LVKFPEMFQK,0,HLA-A*11:01,0.00032,0.8005,0.37,23.32,STRONG,0.450421335,0.69119135,0.428571429
ITSFIIERK,0,HLA-A*11:01,0.43372,-1.0707,0.27,26.49,STRONG,0.773904866,0.150241392,0.714285714
ITSSAELLK,0,HLA-A*11:01,-0.10366,0.7862,0.3,18.79,STRONG,0.372812157,0.687057327,0.628571429
FSDYERAEW,0,HLA-A*01:01,0.24122,-0.2462,0.28,1408.88,WEAK,0.630225632,0.38859819,0.685714286
NSGGYPPLCY,0,HLA-A*01:01,-0.0206,0.302,0.43,631.32,WEAK,0.434806947,0.54707872,0.257142857
ILAALFLGL,1,HLA-A*02:01,0.16191,-1.0429,0.29,10.96,STRONG,0.571029788,0.158278165,0.657142857
FTGTISVMY,0,HLA-A*01:01,-0.04383,-0.2434,0.29,34.81,STRONG,0.417468409,0.389407649,0.657142857
SCSNFLLLAY,0,HLA-A*01:01,0.04605,0.9469,0.32,166.42,NORMAL,0.484553549,0.733514498,0.571428571
FSSYYEPWGY,0,HLA-A*01:01,0.23278,0.5301,0.41,67.39,NORMAL,0.623926138,0.613020728,0.314285714
VVPCEPPEV,1,HLA-A*02:01,0.07835,1.2733,0.48,564.05,WEAK,0.508661805,0.827874303,0.114285714
SLGDHNFLRK,0,HLA-A*11:01,0.1896,0.1304,0.35,56.07,NORMAL,0.591697206,0.49747044,0.485714286
SVVDVFFQL,0,HLA-A*02:01,0.21724,0.8038,0.36,30.06,STRONG,0.612327305,0.692145356,0.457142857
ESFFWLEEM,0,HLA-A*26:01,0.50406,0.4815,0.26,169.09,NORMAL,0.826405631,0.598970831,0.742857143
RFLEYLPLRF,1,HLA-A*24:02,0.09319,0.7307,0.33,28.23,STRONG,0.519738168,0.671012691,0.542857143
KMTVVILQK,0,HLA-A*11:01,0.14258,-0.6418,0.25,30.02,STRONG,0.556602154,0.274233182,0.771428571
LIIPFIHLI,1,HLA-A*02:01,0.29214,0.4361,0.36,16.07,STRONG,0.668231589,0.585846029,0.457142857
TMMFFAEHDY,0,HLA-A*01:01,0.34741,0.1397,0.32,1417.81,WEAK,0.709484322,0.500159001,0.571428571
GTFFVLAYY,0,HLA-A*01:01,0.21642,-0.1083,0.32,952.21,WEAK,0.611715269,0.428464051,0.571428571
QALRFYDYK,0,HLA-A*11:01,0.17556,1.1234,0.34,34.77,STRONG,0.581217952,0.784539331,0.514285714
VTYSGKFLI,0,HLA-A*02:01,-0.24535,-0.3156,0.31,797.22,WEAK,0.267056778,0.368535168,0.6
YTSEHAASV,0,HLA-A*02:01,0.05174,0.6562,0.34,37.04,STRONG,0.488800484,0.649475297,0.514285714
LPNEYAFVT,1,HLA-B*35:01,0.2548,0.8165,0.39,91.52,NORMAL,0.640361549,0.695816831,0.371428571
ASNASSAAK,1,HLA-A*11:01,-0.22368,1.0649,0.31,14.47,STRONG,0.283230954,0.767627418,0.6
ALLETPSLLL,1,HLA-A*02:01,-0.04742,0.1743,0.38,31.45,STRONG,0.414788885,0.510161603,0.4
LMAVAILKEV,0,HLA-A*02:01,0.088,-0.2776,0.32,34.9,STRONG,0.515864427,0.379520685,0.571428571
QQFAVGSYV,1,HLA-A*02:01,0.00769,0.0236,0.4,150.82,NORMAL,0.455922197,0.466595357,0.342857143
KTLTSVFQKK,1,HLA-A*11:01,-0.199,-0.1008,0.36,12.39,STRONG,0.301651751,0.430632245,0.457142857
SLQDHCCRAV,0,HLA-A*02:01,-0.02049,1.0563,0.33,159.6,NORMAL,0.43488905,0.765141222,0.542857143
EATNPYMVY,0,HLA-A*26:01,-0.13227,0.7249,0.33,222.27,NORMAL,0.351458064,0.669335954,0.542857143
FIASNGVKLV,1,HLA-A*02:01,-0.27669,0.0752,0.35,185.04,NORMAL,0.243665052,0.481512532,0.485714286
FIGPLMDAL,0,HLA-A*02:01,-0.13468,1.0679,0.27,178.6,NORMAL,0.349659275,0.768494695,0.714285714
ALLMCLLPL,0,HLA-A*02:01,-0.25908,-0.0649,0.4,25.45,STRONG,0.256808903,0.441010668,0.342857143
VVGACGVGK,0,HLA-A*24:02,0.08441,0.3168,0.51,39917.27,,0.513184902,0.551357289,0.028571429
NSDLSPYLCH,0,HLA-A*01:01,-0.2202,0.6523,0.4,1962.83,WEAK,0.285828376,0.648347836,0.342857143
HIAKSLFEV,1,HLA-A*02:01,-0.21854,-0.0838,0.34,13.6,STRONG,0.287067376,0.435546819,0.514285714
RPHVPESAF,1,HLA-B*07:02,0.01873,0.3811,0.31,9.4,STRONG,0.464162294,0.56994594,0.6
YPVIFKSIM,1,HLA-B*35:01,-0.00354,0.2883,0.26,12.39,STRONG,0.447540286,0.543118152,0.742857143
